;alg;mae;ndcg10;period;rmse
0;<surprise.prediction_algorithms.matrix_factorization.SVD object at 0x00000033C0C308C8>;0.9224960270172213;0.004184180870510395;2020-01 - 2020-03;1.13891523396254
1;<surprise.prediction_algorithms.matrix_factorization.SVD object at 0x00000033BF808288>;1.0700466681871332;0.00031637298498209126;2020-03 - 2020-08;1.273389804787835
2;<surprise.prediction_algorithms.matrix_factorization.SVD object at 0x00000033C167D6C8>;1.0196477686041614;0.007514155867343102;2020-08 - 2020-10;1.2209196601019778
